id,mini_lesson_id,prompt,choices,correct_answer,feedback,sort_order
"4b640e03-acb1-438d-a683-8a5c0a3d8292","0ad22830-c7b5-4e5f-a91a-7ba0786e4d20","A pancake recipe calls for 1 cup of buttermilk. Which substitution works best?","[""1 cup milk mixed with a small amount of lemon juice or vinegar"",""1 cup water"",""1 cup melted butter"",""1 cup flour mixed with sugar""]","A","Buttermilk adds moisture and acidity. Milk with a little lemon juice or vinegar is a closer match than water or butter.","1"
"8be05fdd-3ef8-4b99-b936-6da4365d9a33","b8207096-8518-4fcd-b7c9-a6eefb9b0a43","Which ingredient is the best easy substitute for sour cream in a baked potato topping?","[""Plain Greek yogurt"",""Whole milk"",""Melted butter"",""Water""]","A","Plain Greek yogurt is thick and slightly tangy, so it works better as a sour cream substitute than thin liquids like milk or water.","1"
"09f83c2f-16bc-4000-9a3c-1e39779cb8c6","6a1b6fc6-d03a-400c-8ab9-c31024cfcc2e","Which substitute works best for 1 cup of heavy cream in a soup when the cream does not need to be whipped?","[""1 cup milk with butter"",""1 cup water"",""1 cup plain broth only"",""1 cup lemon juice""]","A","Heavy cream adds both liquid and fat. Milk with butter is a better match because it helps keep the soup creamy and rich.","1"
"4bff4230-bbc6-438c-a57f-0be1e476eaa1","63a08e2a-b315-4aa6-a513-7b5bb0aa924a","A recipe calls for 1 tablespoon of fresh basil, but you only have dried basil. What should you use?","[""1 teaspoon dried basil"",""1 tablespoon dried basil"",""3 tablespoons dried basil"",""1 cup dried basil""]","A","Dried herbs are stronger than fresh herbs, so you usually use less. Since 1 tablespoon equals 3 teaspoons, 1 teaspoon dried basil is about one-third of the fresh amount.","1"
"ac2486a8-bc6a-4bb3-90cd-a602e275c719","c28f946f-9491-405c-8b9a-02a73c341202","Which herb is the best substitute for fresh parsley when it is mainly used as a garnish?","[""Fresh cilantro"",""Ground cinnamon"",""Garlic powder"",""Dried bay leaf""]","A","Fresh cilantro is green and leafy, so it can work as a garnish. The other options do not provide the same fresh appearance or texture.","1"
"b5e40939-d7c8-4788-a407-f1ee699777d2","ec78fce1-17c9-4963-bebb-69307546b740","Which mixture can replace 1 teaspoon of pumpkin pie spice?","[""Cinnamon, ginger, nutmeg, and cloves"",""Salt, pepper, garlic powder, and onion powder"",""Basil, oregano, thyme, and rosemary"",""Chili powder, cumin, paprika, and cayenne""]","A","Pumpkin pie spice is a warm baking spice blend. Cinnamon, ginger, nutmeg, and cloves create a similar warm flavor.","1"
"ed11e35a-42e0-415f-bc43-bf07895d708b","b93530e1-14e3-4031-8190-014dda6a5fe1","Which mixture can replace one egg as a binder in muffins or cookies?","[""1 tablespoon ground flaxseed mixed with 3 tablespoons water"",""1 cup water"",""1 tablespoon salt mixed with 3 tablespoons sugar"",""1 cup flour""]","A","Ground flaxseed mixed with water creates a gel-like mixture that can help bind ingredients together in baked goods.","1"
"d93e6f74-dcb8-4758-999b-0bf0e17801eb","b91a3856-0fad-4dad-a0ad-f2fccf383248","A sauce recipe calls for 1 tablespoon of cornstarch, but you only have all-purpose flour. What should you use?","[""2 tablespoons all-purpose flour"",""1 teaspoon all-purpose flour"",""1 cup all-purpose flour"",""2 tablespoons sugar""]","A","Flour is a weaker thickener than cornstarch, so you usually need about twice as much flour to replace cornstarch.","1"
"2a3bced7-b210-41b1-93f9-69f3b5596050","e662d8ae-6b9f-4025-bf15-370a62c85a49","A recipe calls for a cornstarch slurry. What is the correct way to prepare the substitute before adding it to hot liquid?","[""Mix the starch with cold water first"",""Sprinkle dry starch directly into boiling liquid"",""Mix the starch with oil only"",""Bake the starch before adding it""]","A","A slurry is made by mixing starch with cold liquid first. This helps prevent clumps when it is added to hot liquid.","1"
"a1a404e7-216c-4ba3-912b-a90752ba6ea9","e9c77a80-2a5f-448e-8747-d3aa63b9ea31","A soup recipe serves 4 people and uses 2 cups of broth. How much broth is needed to serve 8 people?","[""1 cup"",""2 cups"",""4 cups"",""8 cups""]","C","The recipe is being doubled from 4 servings to 8 servings, so the broth also doubles from 2 cups to 4 cups.","1"
"e3849e80-7dd1-484d-a772-7c621ffb56e0","36452936-f307-4308-878b-d45d03d24367","A cookie recipe makes 24 cookies and requires 3 cups of flour. How much flour is needed to make 12 cookies?","[""1 1/2 cups"",""2 cups"",""3 cups"",""6 cups""]","A","The recipe is being cut in half from 24 cookies to 12 cookies, so the flour is also cut in half from 3 cups to 1 1/2 cups.","1"
"067ae2ed-f0f9-4022-b49f-40557b7a2f27","60a05e17-984b-4ef9-9bfa-8f6d000807e8","A bread recipe uses 4 cups of flour and 2 cups of water. If you use 6 cups of flour, how much water keeps the same ratio?","[""2 cups"",""3 cups"",""4 cups"",""6 cups""]","B","The original recipe uses half as much water as flour. If the flour increases to 6 cups, the water should increase to 3 cups to keep the same ratio.","1"
"a150fb09-fff1-45be-b882-d3890e1b0417","f22fede2-5d46-4a55-9918-1849f524ce26","A pot of vegetable soup tastes bland even though the ingredients are fully cooked. What should you try first?","[""Add a small amount of salt, stir, and taste again"",""Add a full cup of sugar"",""Throw the soup away and start over"",""Add uncooked pasta directly to the soup""]","A","Bland food often needs a little more seasoning. Adding a small amount of salt and tasting again is safer than making a large change all at once.","1"
"ba0c44d1-8285-4687-8918-84875e5d1e8c","813d9eb5-395d-4120-86a3-6e553f4590e7","A curry tastes too spicy for your guests. What is the best way to reduce the perceived heat?","[""Add a creamy ingredient like yogurt or coconut milk"",""Add more chili powder"",""Add a large amount of black pepper"",""Boil it until the spice disappears""]","A","Creamy or fatty ingredients can help soften the feeling of spicy heat. Adding more spicy ingredients would make the problem worse.","1"
"a5513988-f04f-43d1-b02b-55031f42c95c","940052bc-7ec4-4c22-aab6-27298469a015","A stew tastes too salty. Which emergency adjustment is most effective?","[""Add more unsalted ingredients or liquid"",""Add more salt"",""Add extra hot sauce"",""Add baking powder""]","A","Saltiness is best reduced by diluting or stretching the dish with unsalted ingredients or liquid. This spreads the salt through more food.","1"
"73b7fd02-1425-40b0-88bf-dff39e9a7e05","78635e43-4346-4e24-9355-a3d637ea57d8","A soup is much thinner than intended. What is the best way to thicken it quickly without creating lumps?","[""Mix a thickener with cold liquid first, then stir it into the soup"",""Dump dry flour directly into the hot soup"",""Add ice cubes to the soup"",""Turn off the heat and add sugar""]","A","Mixing the thickener with cold liquid first helps prevent lumps. This makes it easier to stir smoothly into the soup.","1"
"3a2e34af-c298-4f97-9060-bc001a878810","e693925d-75ae-4a76-8424-17929cdc18e2","A cooked sauce is too thick. What is the best way to thin it while maintaining control of the texture?","[""Add a small amount of liquid at a time and stir"",""Add a full cup of liquid immediately"",""Add dry flour"",""Cook it longer without stirring""]","A","Adding liquid slowly helps you control the texture. A large amount of liquid could make the sauce too thin.","1"
"06084556-640e-4664-8e6d-87a8ed879fbc","55479ae5-c1de-4264-983f-e2d9a6cf9716","Mashed potatoes have become too watery. Which adjustment is most likely to improve their texture?","[""Add more cooked potato or potato flakes"",""Add more water"",""Add ice"",""Add vinegar""]","A","Cooked potato or potato flakes can absorb extra moisture and help thicken watery mashed potatoes.","1"
"391cc3e6-945c-4211-b076-d52fa20a0f40","4c97eb3a-d1a5-487d-8fa9-33dd8a85aaea","What is the main difference between sautéing and pan-searing?","[""Sautéing usually cooks smaller pieces while moving them, while pan-searing creates a browned crust"",""Sautéing only uses water, while pan-searing only uses sugar"",""Sautéing is always done in the oven, while pan-searing is always done in the microwave"",""Sautéing means freezing food before cooking it""]","A","Sautéing usually involves smaller pieces that are moved around in the pan. Pan-searing focuses on browning the outside of the food.","1"
"3ab7ff50-2813-4b55-8b37-555a9bcd2a6b","bd718f64-b489-4f6d-bd73-17480763c144","What usually happens when too much food is placed in a sauté pan at once?","[""The food may steam instead of brown"",""The food instantly becomes crispy"",""The pan gets colder forever"",""The food stops cooking completely""]","A","Too much food can trap moisture and lower the pan temperature. This often causes food to steam instead of brown.","1"
"1fd0cf4a-76bf-49bf-b013-0bfe792aff41","429f37a5-c7f7-45e7-b458-6afc82f64107","Why should meat usually be patted dry before pan-searing?","[""To help the surface brown better"",""To make the meat colder"",""To remove all flavor from the meat"",""To make the pan stop heating""]","A","A dry surface browns better because the pan can focus on searing instead of evaporating extra moisture.","1"
"9469b762-1348-4c9a-a679-306557bd502c","1ef8c299-5944-4efc-96dd-4059219f20e3","Which description best matches a full boil?","[""Large bubbles constantly rising and breaking the surface"",""No bubbles at all"",""A few tiny bubbles sitting at the bottom of the pot"",""Food cooking without any liquid""]","A","A full boil has strong, active bubbles that keep rising and breaking the surface of the liquid.","1"
"cbc841e7-8cc1-4768-8c8c-553470c08568","5f64657c-c54f-4fc5-8549-6d6e94a31c38","How does simmering differ from boiling?","[""Simmering uses gentler heat with smaller bubbles"",""Simmering means cooking with no heat"",""Simmering only happens in the freezer"",""Simmering uses larger bubbles than boiling""]","A","Simmering is gentler than boiling. It uses lower heat and smaller bubbles.","1"
"a086ed37-ff50-4a2f-a4e7-b489e43c0d61","43665dd4-b4fd-485f-b938-b7faf8398f28","Which cooking method uses liquid kept below a simmer to cook delicate foods gently?","[""Poaching"",""Frying"",""Roasting"",""Freezing""]","A","Poaching uses hot liquid below a simmer. It is gentle enough for delicate foods like eggs or fish.","1"
"673a9ebc-27b8-4a49-a63c-aa330db192b1","23470c76-169e-4d02-bda0-e6e8d4baea01","Which statement best explains the traditional difference between roasting and baking?","[""Roasting is often used for structured foods like vegetables or meats, while baking is often used for foods like breads, cakes, or cookies"",""Roasting only uses cold air, while baking only uses water"",""Roasting is done in the microwave, while baking is done in the freezer"",""Roasting and baking always mean exactly the same thing""]","A","Roasting and baking both use oven heat, but roasting is often used for foods like vegetables or meats, while baking is often used for foods that set or rise.","1"
"829078c3-edd1-4f9c-b6fd-b6b1576366eb","5450becc-9c92-404b-aab3-1216e669adea","Why are vegetables often spread in a single layer before roasting?","[""To help them brown instead of steam"",""To make them cook only on one side"",""To keep them completely raw"",""To make the oven colder""]","A","A single layer gives vegetables more space and helps moisture escape. This makes browning easier.","1"
"9e61439f-61a9-4cec-b5ec-1b9062ccafbf","003dbf43-5b39-4a7a-b9f4-914161c82f0a","Why is accurate measuring especially important when baking?","[""Baking depends on ingredient balance for texture and structure"",""Measuring makes food cook without heat"",""Baking recipes do not use ingredients"",""Measuring only changes the color of the oven""]","A","Baking depends on the balance between ingredients. If that balance changes too much, the texture and structure can change.","1"
"c6c4a8f5-83a6-4b74-8446-4db1a6d395e6","d60b6f3a-7a0d-42a7-ae4b-74e136e1ebcd","What is the safest way to hold food while slicing it with a chef's knife?","[""Curl your fingertips back in a claw grip"",""Keep your fingers flat and stretched out"",""Hold the food from the side closest to the blade"",""Use your palm to press down on the blade""]","A","A claw grip keeps your fingertips tucked back and helps protect them while slicing.","1"
"64db76b0-29e1-4450-930c-efe08bc3e9be","f4e660e5-d3cb-44b9-96ad-84a34266696b","What should you place under a cutting board to keep it from sliding?","[""A damp towel or non-slip mat"",""A pile of loose paper"",""A sharp knife"",""A dry onion peel""]","A","A damp towel or non-slip mat helps hold the cutting board in place so it does not slide while cutting.","1"
"95a79677-2a4b-45e1-b5a5-2fff1548d47c","65f87500-9ba6-44c6-80e6-26318350de70","Why is a sharp knife usually safer than a dull knife?","[""It cuts more easily, so less force is needed"",""It cannot cut anything"",""It makes food cook faster"",""It bends when it touches food""]","A","A sharp knife cuts with less force. A dull knife can slip more easily because you have to push harder.","1"
"172c3515-f6cf-42cd-8873-13f2a5399567","3b505a5c-b1e6-47b7-9ea2-6eae91711e6f","Which pan is best suited for searing a steak and developing a browned crust?","[""Cast iron skillet"",""Plastic mixing bowl"",""Thin disposable tray"",""Small glass cup""]","A","A cast iron skillet holds heat well, which helps steak develop a browned crust.","1"
"d173dc28-be80-4159-8491-947e6d6e4408","eb148f54-724d-4cfa-809d-dc14a0cde228","Which pan is generally best for cooking delicate eggs with minimal sticking?","[""Nonstick skillet"",""Cast iron Dutch oven"",""Baking sheet"",""Metal colander""]","A","A nonstick skillet helps delicate eggs release from the pan with less sticking.","1"
"63a5ec67-b000-47d2-aa68-8afbbb3db4e2","e0e2b0b4-702c-4952-9102-8c935ce793f6","Which baking surface is most appropriate for roasting vegetables until browned?","[""A sheet pan or baking sheet"",""A deep cereal bowl"",""A plastic container"",""A coffee mug""]","A","A sheet pan gives vegetables space so they can roast and brown instead of steaming in a crowded dish.","1"
"6fc12b1d-724c-41a9-8381-f3fbae759f18","65a07fc0-f86e-4d6b-b64a-e3c5e375bda7","You need to roll out dough but do not own a rolling pin. What is the best substitute?","[""A clean bottle or sturdy cup"",""A fork"",""A paper towel"",""A sponge""]","A","A clean bottle or sturdy cup can roll over dough in a similar way to a rolling pin.","1"
"00fbbd9b-fb93-451e-91e0-3a2fb25bb91c","7b3c8358-3f48-455a-85e5-2651ad7f91b4","You need to mash potatoes but do not have a potato masher. What should you use?","[""A sturdy fork"",""A drinking straw"",""A plastic bag"",""A measuring spoon only""]","A","A sturdy fork can press and break apart soft potatoes, making it a useful substitute for a potato masher.","1"
"c324ad0c-7486-41d9-b55d-84868c22187e","3f33119e-5cb9-4c40-b679-f1116e2856f1","You need a makeshift double boiler to melt chocolate gently. Which setup is best?","[""A heat-safe bowl set over a pot of gently simmering water"",""A plastic bowl directly on a burner"",""Chocolate placed directly in a hot dry pan on high heat"",""A paper plate over boiling water""]","A","A heat-safe bowl over gently simmering water creates gentle heat, which helps melt chocolate without burning it.","1"
"83a9a6f5-afb4-4606-bc84-8e71cbca4bb3","59cebea2-c33c-4581-bb92-5ae44f0d0163","A muffin batter uses plain yogurt to add moisture and tang. Which substitute is closest?","[""Water"",""Sour cream"",""Melted butter"",""Bread crumbs""]","B","Sour cream is thick and tangy, so it can replace plain yogurt better than a thin or dry ingredient.","1"
"99758dd8-88ce-4671-8ec2-78e9b949dc85","59cebea2-c33c-4581-bb92-5ae44f0d0163","You need whole milk for quick bread, but you only have skim milk. Which change best restores some richness?","[""Use plain water"",""Use vinegar only"",""Use skim milk with a small amount of melted butter"",""Use dry flour""]","C","Skim milk has less fat than whole milk. Adding a little melted butter helps replace some richness.","2"
"ac178725-de9f-42bf-8582-5b722c571247","18edefa6-56b8-4573-9ea6-d7bcdb122dc4","A cheesecake-style dip needs cream cheese. Which option will give the closest creamy texture?","[""Skim milk"",""Lemon juice"",""Dry oats"",""Neufchâtel cheese""]","D","Neufchâtel cheese has a texture similar to cream cheese, so it works well in creamy dips.","1"
"a13ebc53-5979-441e-8bbd-bec34285d2d2","18edefa6-56b8-4573-9ea6-d7bcdb122dc4","A baked pasta dish calls for ricotta, but you do not have any. Which substitute is most reasonable?","[""Cottage cheese"",""Orange juice"",""Vegetable oil"",""Cornstarch""]","A","Cottage cheese is soft and mild, making it a reasonable substitute for ricotta in many casseroles.","2"
"cc693383-5e9e-49ba-9e1f-3171bd365e3d","1cd382c2-470c-47b6-b986-0579af7272ce","A pasta sauce calls for half-and-half. Which substitute best matches its balance of milkiness and richness?","[""Water and lemon juice"",""Equal parts milk and heavy cream"",""Bread crumbs and oil"",""Plain broth only""]","B","Half-and-half is made from milk and cream, so combining milk and cream gives a similar richness.","1"
"0bcca56f-6a27-4633-ae7a-d1dd39226506","1cd382c2-470c-47b6-b986-0579af7272ce","A soup recipe uses whole milk, but you only have evaporated milk. What should you do before using it?","[""Add vinegar until it curdles"",""Use it as a dry powder"",""Dilute it with water"",""Replace it with oil""]","C","Evaporated milk is concentrated, so diluting it with water makes it closer to regular milk.","2"
"f29a420f-868b-45e2-ae92-00384ed448a3","df9589d0-cb5b-4387-9bff-a4558922f5ac","A soup calls for 2 tablespoons of fresh parsley, but you only have dried parsley. What is a reasonable starting amount?","[""2 tablespoons dried parsley"",""1/2 cup dried parsley"",""No parsley at all"",""2 teaspoons dried parsley""]","D","Dried herbs are stronger than fresh herbs, so about one-third as much dried herb is a good starting point.","1"
"acb3b03a-f042-4b4a-aaed-f4e9a2c44fcb","df9589d0-cb5b-4387-9bff-a4558922f5ac","A recipe uses one fresh garlic clove, but you only have garlic powder. Which amount is most appropriate?","[""About 1/8 teaspoon garlic powder"",""1 tablespoon garlic powder"",""1 cup garlic powder"",""1 teaspoon cinnamon""]","A","Garlic powder is concentrated, so a small amount can replace one fresh garlic clove.","2"
"922f6c36-008e-434d-bc7f-496195b7f254","2521595a-88af-469d-9727-9c4e97380a2f","A savory recipe calls for thyme, but none is available. Which herb is the most suitable substitute?","[""Cinnamon"",""Marjoram"",""Vanilla extract"",""Sugar""]","B","Marjoram has a mild herbal flavor that can work in many savory recipes that use thyme.","1"
"e792d9e6-632a-486b-8971-22e9aae990e6","2521595a-88af-469d-9727-9c4e97380a2f","You are roasting chicken and are out of rosemary. Which herb would be the best substitute?","[""Mint candy"",""Cocoa powder"",""Thyme"",""Powdered sugar""]","C","Thyme is savory and herbal, so it can work well in many roasted chicken recipes.","2"
"30edfe0c-5e88-456c-9769-319f28cfb855","55ddcc1a-ee62-465d-98eb-c5316612cd7a","A spice mix needs the warm flavor of allspice. Which blend is the best substitute?","[""Basil, parsley, and oregano"",""Salt, pepper, and garlic powder"",""Flour, sugar, and baking soda"",""Cinnamon, nutmeg, and cloves""]","D","Allspice has warm baking-spice flavors, so cinnamon, nutmeg, and cloves can create a similar effect.","1"
"04f1c038-4b22-43a8-b92a-3319a411018b","55ddcc1a-ee62-465d-98eb-c5316612cd7a","You are out of Italian seasoning. Which homemade mix is the closest match?","[""Dried basil, oregano, thyme, and rosemary"",""Cinnamon, nutmeg, and cloves"",""Sugar and cocoa powder"",""Vinegar and oil""]","A","Italian seasoning is usually an herbal blend, so basil, oregano, thyme, and rosemary are a close match.","2"
"d8dc2e20-0875-4d22-8433-c925dd8fa4fa","ce5e0dac-0407-4dc3-ad64-be5d7a046aec","A brownie recipe needs one egg mainly to help hold the batter together. Which fruit-based substitute makes sense?","[""1 cup water"",""1/4 cup applesauce"",""1 tablespoon salt"",""1 cup uncooked rice""]","B","Applesauce can help bind and add moisture when the egg is mainly used for binding.","1"
"83d5128b-0bf9-4ce8-8887-4f489274003d","ce5e0dac-0407-4dc3-ad64-be5d7a046aec","A banana bread recipe is missing one egg used for binding. Which substitute fits the recipe best?","[""1 cup lemon juice"",""1 tablespoon black pepper"",""1/4 cup mashed banana"",""1 cup dry pasta""]","C","Mashed banana can help bind ingredients and adds moisture, especially in banana bread.","2"
"db0af389-c7ca-4f0a-ad3d-c699134c46c6","a6683603-e1b2-444b-88e0-467e41923b45","A fruit filling needs cornstarch, but you only have arrowroot starch. What should you do?","[""Use four times as much sugar"",""Use baking powder instead"",""Use bread crumbs only"",""Use an equal amount of arrowroot starch""]","D","Arrowroot starch can often replace cornstarch in equal amounts, especially in fruit fillings.","1"
"ac6aefb7-67cd-4fc2-b4ce-a13e37ce1333","a6683603-e1b2-444b-88e0-467e41923b45","A pudding needs a starch thickener, but cornstarch is unavailable. Which substitute is most suitable?","[""Tapioca starch"",""Whole peppercorns"",""Shredded lettuce"",""Vegetable oil""]","A","Tapioca starch can help thicken puddings and other soft mixtures when cornstarch is not available.","2"
"ba3a5a11-8bd1-469e-9f0e-baec5637f7dc","bf4e6fab-2a99-4f55-a0dd-2afb9914731a","Your gravy has small lumps after thickening. What is the best way to improve it?","[""Add more dry flour without mixing"",""Whisk it well and strain it if needed"",""Freeze it immediately"",""Add whole eggs directly to the hot gravy""]","B","Whisking can break up small lumps, and straining can remove lumps that do not smooth out.","1"
"6e6c2b35-47a2-409e-b14a-6bc3338bccbf","bf4e6fab-2a99-4f55-a0dd-2afb9914731a","A savory baked loaf needs bread crumbs for binding, but you are out. Which substitute is reasonable?","[""Ice cubes"",""Lemonade"",""Rolled oats or crushed crackers"",""Whole cinnamon sticks""]","C","Rolled oats or crushed crackers can absorb moisture and help hold a savory loaf together.","2"
"49bf0015-6361-4031-84ce-c62745f17ea7","c635da14-c439-44b7-af1d-6eb902c46020","A pancake recipe makes 10 pancakes with 2 eggs. How many eggs are needed for 20 pancakes?","[""3 eggs"",""2 eggs"",""1 egg"",""4 eggs""]","D","The recipe is doubled from 10 pancakes to 20 pancakes, so the eggs double from 2 to 4.","1"
"d1d2b076-0714-4fb4-88e3-3b42eb8aa985","c635da14-c439-44b7-af1d-6eb902c46020","A recipe serves 6 and uses 1 1/2 teaspoons of salt. How much salt is needed to serve 12?","[""3 teaspoons"",""1 1/2 teaspoons"",""1 teaspoon"",""6 teaspoons""]","A","The recipe is doubled from 6 servings to 12 servings, so the salt doubles to 3 teaspoons.","2"
"4a5ee5ae-7ab7-424c-beed-53b148cf040c","5ce538f8-1c9e-40e3-80f3-16c8dd74269c","A pasta recipe serves 8 and uses 2 pounds of pasta. How much pasta is needed for 4 servings?","[""1/2 pound"",""1 pound"",""2 pounds"",""4 pounds""]","B","Four servings is half of eight servings, so the pasta is cut in half from 2 pounds to 1 pound.","1"
"a2e2d8e7-d8d7-41fc-bbb0-275a0c90230c","5ce538f8-1c9e-40e3-80f3-16c8dd74269c","A brownie recipe makes 16 squares and uses 3/4 cup cocoa powder. How much cocoa is needed for 8 squares?","[""3/4 cup"",""1 1/2 cups"",""3/8 cup"",""1/8 cup""]","C","Eight squares is half the recipe, so 3/4 cup is cut in half to 3/8 cup.","2"
"8f3e4aca-efbd-4ffc-ad66-874912da7efa","5147917e-7beb-4ac3-96fc-ae7805b53d2f","A salad dressing uses 3 tablespoons oil for every 1 tablespoon vinegar. How much oil is needed for 4 tablespoons vinegar?","[""6 tablespoons"",""4 tablespoons"",""1 tablespoon"",""12 tablespoons""]","D","The ratio is 3 parts oil to 1 part vinegar. Four tablespoons of vinegar need 12 tablespoons of oil.","1"
"af01376c-3d6b-4085-a300-253edc5054b6","5147917e-7beb-4ac3-96fc-ae7805b53d2f","A sauce recipe makes 3 cups and uses 3/4 cup tomato paste. How much tomato paste is needed for 1 cup of sauce?","[""1/4 cup"",""1/2 cup"",""3/4 cup"",""1 cup""]","A","One cup of sauce is one-third of the recipe, so 3/4 cup divided by 3 equals 1/4 cup.","2"
"eab56329-8dd7-42fb-befd-cda6bb3a0752","a8b6d843-0fca-4453-9d17-6856eba92e4f","A bean chili tastes flat, but it already has enough salt. What could add needed brightness?","[""More salt"",""A squeeze of lime juice"",""Plain flour"",""Ice cubes""]","B","If the dish is salty enough but still tastes flat, a small amount of acid can brighten the flavor.","1"
"c21be0ea-243b-4115-afe6-85ae33028b46","a8b6d843-0fca-4453-9d17-6856eba92e4f","A finished rice dish tastes one-dimensional but is already salty. Which addition is most likely to help?","[""More salt"",""A large amount of flour"",""Fresh herbs or a little lemon"",""Plain water only""]","C","Fresh herbs or a little acid can add brightness without making the rice saltier.","2"
"0c4e366c-7d7b-4982-819b-fd689873ace1","e7369603-99cb-4a22-98db-c62d64d283ed","A pot of chili is too spicy, but you do not want to make it watery. What is the best adjustment?","[""Add more chili powder"",""Add black pepper"",""Boil until the heat disappears"",""Stir in sour cream or plain yogurt""]","D","Creamy ingredients can soften perceived heat without thinning the chili as much as water would.","1"
"b461d9d4-6768-49ca-ba16-09512edba9fc","e7369603-99cb-4a22-98db-c62d64d283ed","A spicy soup is too intense for your roommate. Which add-in would most likely make it taste milder?","[""Coconut milk or cream"",""Extra hot sauce"",""More cayenne"",""Dry rice added after serving""]","A","Creamy or fatty ingredients can make spicy heat feel less harsh.","2"
"36d55712-5375-4350-8a74-88345e2560e5","b42ba307-7bf8-40ee-b8ff-f8c3ded50b55","A soup tastes too salty and there is room in the pot. Which fix is most reliable?","[""Add more salt"",""Add unsalted broth and extra vegetables"",""Add hot sauce"",""Add baking powder""]","B","Adding unsalted liquid and ingredients spreads the salt through more food.","1"
"c895b6cd-c943-44da-98f3-936eb465e920","b42ba307-7bf8-40ee-b8ff-f8c3ded50b55","A rice dish is too salty, but the texture is good. What is the best way to make it easier to eat?","[""Add more soy sauce"",""Add salt on top"",""Mix in unsalted cooked rice"",""Cook it until dry and crunchy""]","C","Unsalted rice increases the total amount of food and lowers the salty concentration.","2"
"5503538c-ee9f-498b-b362-eea3372e03db","65a2473d-75da-41b1-b685-285ec049f8c0","A pan sauce looks watery. What is the best way to thicken it without clumps?","[""Dump in dry flour"",""Add ice cubes"",""Turn off the heat and add sugar"",""Stir in a smooth slurry made with cold liquid""]","D","A slurry spreads the thickener evenly before it goes into the hot sauce.","1"
"cdcbc728-e33a-42f0-a692-a040f243649a","65a2473d-75da-41b1-b685-285ec049f8c0","A fruit filling is runny while cooking. Which method gives the smoothest thickening?","[""Mix starch with cold water first, then stir it in"",""Sprinkle dry starch over the top and leave it"",""Add oil"",""Add uncooked pasta""]","A","Mixing starch with cold liquid first helps prevent lumps.","2"
"217f1e09-2b62-4c01-a6e0-c42b1e78bda4","86dff6cc-9d3f-404e-b3e2-ab815f4a83fe","A cheese sauce becomes too thick after sitting for a few minutes. What should you do?","[""Add dry flour"",""Whisk in a small splash of warm milk"",""Boil it hard without stirring"",""Add ice cubes""]","B","Adding warm liquid slowly helps loosen the sauce while keeping control of the texture.","1"
"222d91db-8a69-4c05-b2ca-18779822151f","86dff6cc-9d3f-404e-b3e2-ab815f4a83fe","A gravy is thicker than you wanted right before serving. What is the safest fix?","[""Add a full cup of broth all at once"",""Add more dry flour"",""Whisk in small splashes of broth"",""Cook it longer""]","C","Small additions of liquid help thin the gravy without overshooting.","2"
"e791b4b4-db94-48fa-9e9f-43727bd63b4f","9c643472-22f4-42f3-8e90-e49a4745032a","A batch of cooked rice is slightly too wet. What is the best immediate fix?","[""Add more water"",""Add ice"",""Stir in dry flour"",""Uncover it and let extra moisture steam off over low heat""]","D","Letting extra moisture steam off can help wet rice become less soggy.","1"
"2ee929d8-e1fc-4538-85ff-f2b97364ee1a","9c643472-22f4-42f3-8e90-e49a4745032a","Cookie dough is dry and crumbly and will not hold together. What is the best adjustment?","[""Add a small amount of liquid or softened fat"",""Add more dry flour"",""Bake it immediately without changing anything"",""Add ice cubes""]","A","Dry, crumbly dough usually needs a small amount of moisture or fat to help it come together.","2"
"645ed9f6-724d-42df-8dab-8125c422cd0e","756a0bb8-79e0-472e-9de1-d5f7250ad658","You are cooking small diced onions while stirring them often in a little oil. Which method are you most likely using?","[""Poaching"",""Sautéing"",""Freezing"",""Baking a cake""]","B","Sautéing usually cooks smaller pieces of food while they are moved around in a pan.","1"
"e905002c-c73a-4125-8e17-708e0811eaaa","756a0bb8-79e0-472e-9de1-d5f7250ad658","You want browned tofu slabs with a crust on the outside and little movement in the pan. Which method fits best?","[""Boiling"",""Steaming"",""Pan-searing"",""Microwaving in water""]","C","Pan-searing focuses on browning the outside of food against a hot pan.","2"
"1f572ab7-3469-478f-a6da-ef59dcc1d6b7","a915ffb6-c2f8-4693-8322-85d7a3e5816d","Vegetables in a crowded skillet are releasing liquid and not browning. What should you do next time?","[""Add more vegetables at once"",""Cover the pan tightly from the start"",""Add ice"",""Cook them in smaller batches""]","D","Cooking in smaller batches gives moisture room to escape and helps browning happen.","1"
"cf2e9eaf-2b76-4974-80f3-b568760f8ad6","a915ffb6-c2f8-4693-8322-85d7a3e5816d","Why are vegetables often cut into similar-sized pieces before sautéing?","[""So they cook more evenly"",""So they become raw again"",""So they do not need heat"",""So they all taste like sugar""]","A","Similar-sized pieces cook at similar rates, which helps avoid undercooked or overcooked pieces.","2"
"ced9b621-73aa-4e89-bd92-030d9e0510d4","7b3003cb-3ade-441a-b418-15232e72f436","Chicken breasts are wet from the package before searing. What should you do first?","[""Add extra water to the pan"",""Pat the surface dry with a paper towel"",""Coat them in sugar only"",""Freeze them immediately""]","B","Drying the surface helps the chicken brown instead of steaming.","1"
"aa9f5d79-6c29-4b88-b265-4a6a3c6004e3","7b3003cb-3ade-441a-b418-15232e72f436","A tofu slice has extra marinade on the outside before searing. Why might blotting it help?","[""It makes the tofu raw"",""It removes the need for heat"",""Less surface moisture makes browning easier"",""It makes the pan colder""]","C","Extra moisture has to evaporate before browning can happen, so blotting helps searing.","2"
"b982c959-7d21-4eb6-af6c-42d6b6949a94","2840b5f6-cbca-4bf9-9443-37e16fdb24dd","Your pasta water has only a few small bubbles around the edge. What should you do before adding pasta?","[""Add pasta immediately and turn off the heat"",""Add ice"",""Remove all the water"",""Wait for a stronger boil""]","D","Pasta usually cooks best when added to water that has reached a full boil.","1"
"6ecc707e-dfc8-4773-a552-7168d366f50e","2840b5f6-cbca-4bf9-9443-37e16fdb24dd","After pasta is added, the boiling slows down and pieces start sticking. What should you do?","[""Stir and let the water return to a boil"",""Add flour"",""Freeze the pot"",""Stop cooking immediately""]","A","Stirring helps prevent sticking while the water returns to a boil.","2"
"3c587176-7b18-4d05-9c28-e74c471adcd3","a0ae20ee-8548-4235-92f3-087ceb63aaea","Why are soups and stews often simmered instead of boiled hard?","[""Simmering makes food raw again"",""Gentler bubbles help texture and flavor develop"",""Simmering only works in the freezer"",""Simmering removes all liquid instantly""]","B","Simmering cooks steadily without tossing ingredients around as much as a hard boil.","1"
"c83237a7-7942-48b1-8e6a-4ad20f049a55","a0ae20ee-8548-4235-92f3-087ceb63aaea","A pot starts boiling over. What should you do first?","[""Turn the heat higher"",""Cover it tighter and walk away"",""Lower the heat or carefully move it off the burner"",""Pour oil into the water""]","C","Reducing the heat source helps stop the boil-over safely.","2"
"e2250be0-8321-4319-bf7d-16405342f9e6","dd3d3597-4675-460d-ba02-39b30a162eb3","Which food is commonly cooked with gentle poaching?","[""Dry cereal"",""Raw flour by itself"",""Potato chips"",""Eggs or fish""]","D","Eggs and fish are delicate enough that gentle poaching can cook them without rough bubbling.","1"
"b8e6254d-110d-4ee8-a780-7f3d3a3c9126","dd3d3597-4675-460d-ba02-39b30a162eb3","Why should poaching liquid stay below a vigorous boil?","[""Strong boiling can break delicate foods apart or make them tough"",""Boiling makes food invisible"",""Boiling turns the liquid into ice"",""Boiling removes the need for cooking""]","A","Poaching should stay gentle so delicate foods keep their shape and texture.","2"
"a6661822-527a-4632-9ae6-50ccfbd75303","6c2391b4-fdea-488c-9690-0089b8e89634","Which oven method is best for seasoned potato pieces that should become browned and crisp?","[""Poaching"",""Roasting"",""Freezing"",""Blending""]","B","Roasting uses dry oven heat and is a good method for browning potatoes.","1"
"54901f7f-8776-401d-9374-ee0625625961","6c2391b4-fdea-488c-9690-0089b8e89634","Why should an oven usually be preheated before baking cookies?","[""So the cookies stay raw"",""So the oven becomes cold"",""So the cookies begin baking at the intended temperature"",""So measuring is unnecessary""]","C","Preheating helps cookies bake at the temperature the recipe was designed for.","2"
"ff40c35d-66e7-4a8b-9de1-ccefa8af1874","84fae9f3-4000-4251-ba80-d853fc9af0bc","Why should roasted vegetables usually be tossed with a moderate amount of oil?","[""Oil makes vegetables freeze"",""Oil replaces the oven"",""Oil makes measuring impossible"",""Oil helps browning and prevents too much drying""]","D","A moderate amount of oil helps vegetables brown and develop better texture.","1"
"af37a3b9-4fbd-4eb1-a3d2-82db33721a21","84fae9f3-4000-4251-ba80-d853fc9af0bc","Why are roasted vegetables sometimes stirred halfway through cooking?","[""To help them brown more evenly"",""To make them raw again"",""To stop the oven from heating"",""To remove all seasoning""]","A","Turning or stirring exposes more sides to heat, which helps vegetables brown more evenly.","2"
"027c96bb-cf27-4358-9fc3-600a6931fa0c","8a5d34a3-1959-4dc1-bf96-56b441bae4ac","What can happen if a cake is removed before the center has set?","[""The cake becomes fully frozen"",""The center may sink or stay undercooked"",""The cake turns into soup instantly"",""The cake becomes raw flour again""]","B","If the center has not set, the cake may collapse, sink, or remain undercooked.","1"
"7ba1a5f2-1e63-4983-bdb3-9d4c248b04d8","8a5d34a3-1959-4dc1-bf96-56b441bae4ac","Why should an oven door not be opened repeatedly while a cake is baking?","[""Opening the door makes the cake cook without heat"",""Opening the door adds sugar"",""Heat loss can affect how the cake rises and sets"",""Opening the door sharpens knives""]","C","Repeatedly opening the oven door can lower the temperature and affect the cake’s structure.","2"
"1a1122da-8278-4de0-bedb-2598658893f2","9be3f915-129f-4856-b3a2-eeeb71865793","Before slicing a round potato, what should you do to make it safer?","[""Balance it on the roundest side"",""Cover it in oil"",""Hold it in the air while cutting"",""Cut a flat side so it sits steadily""]","D","Creating a flat side helps keep round foods from rolling while you cut them.","1"
"1874c4a7-40fa-4fe7-99a0-20ad1869591e","9be3f915-129f-4856-b3a2-eeeb71865793","When using a claw grip, what part of your hand should guide the knife?","[""Your knuckles"",""Your fingertips stretched flat"",""Your palm under the blade"",""Your wrist against the cutting edge""]","A","With a claw grip, curled fingers stay back while the knuckles help guide the side of the knife.","2"
"1a525cf9-797e-4bbf-b854-726b4b24cd24","15a75adc-617a-4b2b-b20e-d6384a83130f","Why is a damp towel useful under a cutting board?","[""It makes the knife dull"",""It helps stop the board from sliding"",""It replaces the food"",""It makes the counter hotter""]","B","A damp towel adds grip between the board and the counter.","1"
"93a28fc9-609f-41ba-92f5-90de2021979f","15a75adc-617a-4b2b-b20e-d6384a83130f","Which surface is safest for cutting raw chicken?","[""A couch cushion"",""A stack of paper towels"",""A clean nonporous cutting board"",""A carpeted floor""]","C","A nonporous cutting board can be cleaned and sanitized after touching raw chicken.","2"
"7de41ecc-1b65-467c-8080-e58954735c16","c73379a3-da78-4e2f-94b6-d9957e8cf612","Which knife is generally best for chopping onions, herbs, and vegetables?","[""Butter knife"",""Plastic spoon"",""Rolling pin"",""Chef’s knife""]","D","A chef’s knife is versatile and well-suited for chopping many vegetables and herbs.","1"
"4c715116-ab4b-404d-94c9-6cbd8adfec17","c73379a3-da78-4e2f-94b6-d9957e8cf612","What is the safest way to wash a sharp kitchen knife?","[""Wash it separately by hand with the blade pointed away"",""Hide it in a sink full of soapy water"",""Toss it loosely into the dishwasher with the blade up"",""Hold the blade edge directly in your palm""]","A","Washing a knife separately keeps it visible and helps prevent accidental cuts.","2"
"ad056f68-e7d4-401f-ae91-167c2056edfb","1f5f0f69-01e4-433c-8e1d-32a0eb955a54","Why is a heavy-bottomed saucepan useful for custard or thick sauces?","[""It makes sauce freeze"",""It spreads heat more evenly and helps reduce scorching"",""It removes the need to stir"",""It turns sauce into bread""]","B","A heavy-bottomed pan distributes heat more evenly, which helps prevent scorching.","1"
"59490737-4176-4ffd-9dde-e579e539a8ee","1f5f0f69-01e4-433c-8e1d-32a0eb955a54","Which pan is best for making a stir-fry over high heat?","[""A plastic bowl"",""A glass measuring cup"",""A wok or large skillet"",""A paper plate""]","C","A wok or large skillet gives food room and can handle the high heat used for stir-frying.","2"
"cc78e9a3-ff96-4e42-bafc-1eb0c34c71b6","6271bc8d-a3bc-4f10-81f2-77cb06758274","You are making an omelet and want it to release easily. Which pan is the best choice?","[""Stockpot"",""Baking sheet"",""Colander"",""Nonstick skillet""]","D","A nonstick skillet helps delicate egg dishes release with less sticking.","1"
"497cd64c-0221-41e9-ae82-15009a27a6e6","6271bc8d-a3bc-4f10-81f2-77cb06758274","Which cookware is most appropriate for simmering an acidic tomato sauce?","[""Stainless steel or enameled cookware"",""Uncoated reactive aluminum"",""A cardboard box"",""A plastic storage bag on the stove""]","A","Stainless steel or enameled cookware is nonreactive and works well for acidic tomato sauce.","2"
"80acac1c-0417-43c5-8cff-af32ec8482e8","7efb1b5a-4c37-4e63-a360-93255c62565f","Which vessel is best for boiling a large batch of pasta?","[""A small mug"",""A large stockpot"",""A shallow plate"",""A plastic bag""]","B","A large stockpot gives pasta enough water and space to cook evenly.","1"
"cfef883e-5b2c-4126-9d9e-9fb42985b307","7efb1b5a-4c37-4e63-a360-93255c62565f","Which cookware should be used under an oven broiler?","[""Thin plastic containers"",""Paper plates"",""Broiler-safe metal cookware or cast iron"",""Regular drinking glasses""]","C","Broilers use very high direct heat, so the cookware must be broiler-safe.","2"
"3e215b44-a7b7-4feb-95db-d1ad00351e86","11bbe549-1553-4b9e-bc0d-b4995428e044","You need to flatten chicken breasts but do not own a meat mallet. What can you use?","[""A paper towel"",""A plastic straw"",""A measuring cup full of water with no lid"",""A heavy skillet or rolling pin""]","D","A heavy skillet or rolling pin can apply even pressure to flatten chicken when used carefully.","1"
"db7ec9ec-c1a7-4550-9ca6-a5b35d966846","11bbe549-1553-4b9e-bc0d-b4995428e044","You do not have a pastry brush. What can you use to spread oil lightly over bread or vegetables?","[""A clean spoon or clean fingers"",""A dirty sponge"",""A knife blade edge"",""A piece of raw chicken""]","A","A clean spoon or clean fingers can spread a light layer of oil when a pastry brush is not available.","2"
"a1cdea69-ef58-420f-9238-80e36f7cf700","62c40eb2-6773-4331-b29d-629fa72de178","You do not have a garlic press. What is the best alternative for finely preparing garlic?","[""Leave the clove whole and uncooked"",""Mince it finely with a knife"",""Freeze it in the peel"",""Replace it with sugar""]","B","A knife can mince garlic finely, even without a garlic press.","1"
"aa4e9c17-7ecf-4fe1-865a-aa146fa902ab","62c40eb2-6773-4331-b29d-629fa72de178","You need to juice a lemon but do not have a citrus juicer. What is the best method?","[""Put the whole lemon into the dish uncut"",""Freeze the lemon and never cut it"",""Roll it, cut it, and squeeze while using a fork to help release juice"",""Replace the lemon with flour""]","C","Rolling and squeezing the lemon with a fork helps release more juice without a juicer.","2"
"89fe95a6-9a79-4cf8-bb62-1a38a30574b8","a44ce014-c1c9-4c71-99b2-3b26ef7e09e9","You need to strain pasta but do not have a colander. What is the safest substitute?","[""Pour boiling water through your fingers"",""Use a paper towel as a strainer"",""Dump the pot quickly without holding it securely"",""Use tongs or a slotted spoon to remove the pasta""]","D","Tongs or a slotted spoon let you remove pasta without pouring a large pot of boiling water.","1"
"7396650b-c8d9-4527-bbac-0d17a0c35e90","a44ce014-c1c9-4c71-99b2-3b26ef7e09e9","You need to cover a bowl of rising dough but do not have plastic wrap. What is the best substitute?","[""A clean damp towel or loose-fitting lid"",""A dirty cutting board"",""A hot skillet directly on the dough"",""A pile of raw meat""]","A","A clean damp towel or loose lid can protect dough while still giving it room to rise.","2"
"8f844a2c-f760-4fa8-b90d-c818e1068b01","61945f5b-e13f-4707-af26-acc6c5f62d78","A quick bread uses buttermilk and baking soda, but you only have milk, vinegar, butter, and water. Which swap best protects the recipe’s texture?","[""Milk mixed with a little vinegar, because it adds liquid and acidity"",""Water, because it has the same volume as buttermilk"",""Melted butter, because it is dairy fat"",""Plain milk only, because all dairy works the same way""]","A","Buttermilk adds moisture and acidity. Milk with a little vinegar is a closer functional match, especially when baking soda is involved.","1"
"172aa8eb-8c8e-4954-aff9-91204dcae496","61945f5b-e13f-4707-af26-acc6c5f62d78","A potato soup recipe calls for whole milk near the end. You only have evaporated milk. Which choice is most likely to keep the soup creamy without making it too concentrated?","[""Use evaporated milk powder-dry without liquid"",""Dilute evaporated milk with water before using it as a milk substitute"",""Replace the milk with vinegar"",""Use only butter and no liquid""]","B","Evaporated milk is concentrated. Diluting it helps it behave more like regular milk while still adding creaminess.","2"
"b11931eb-0583-4d72-9625-80c8680d9b8e","9bd89e9a-5488-40c5-ba93-79603c802090","A lasagna filling calls for ricotta, but you only have cottage cheese, milk, butter, and plain yogurt. Which option is the best starting point?","[""Use milk because it is dairy"",""Use butter because it is rich"",""Drain or blend cottage cheese so it better matches ricotta’s soft texture"",""Use plain yogurt because all thick dairy works in lasagna""]","C","Cottage cheese is soft and mild like ricotta. Draining or blending it improves the texture for a filling.","1"
"7b7ff912-1f8b-4f0a-a198-282c9362f967","9bd89e9a-5488-40c5-ba93-79603c802090","A dip needs cream cheese for thickness and spreadability. Which substitute is most likely to keep the dip close to the original texture?","[""Skim milk"",""Melted butter"",""Lemon juice"",""Neufchâtel cheese""]","D","Neufchâtel is close to cream cheese in texture and use, while thin liquids would make the dip loose.","2"
"ba01b84b-8a00-463a-af29-2b5842f3594c","0795e1e8-fb59-4ff7-811a-ab6bb5ee2497","A pasta sauce calls for half-and-half, but you only have milk and heavy cream. Which option best recreates half-and-half?","[""Use a mixture of milk and heavy cream"",""Use only water"",""Use only lemon juice"",""Use dry flour instead of dairy""]","A","Half-and-half is between milk and cream in richness, so combining milk and cream creates a closer substitute.","1"
"b688ea56-942e-4d75-bc3d-817937a4a277","0795e1e8-fb59-4ff7-811a-ab6bb5ee2497","A soup calls for heavy cream, but the cream is not being whipped. Which option best explains why milk plus butter can work better than milk alone?","[""The butter makes the soup acidic"",""The butter helps replace some of the fat that heavy cream would have added"",""The butter replaces all seasonings"",""The butter makes the soup boil faster""]","B","Heavy cream adds both liquid and fat. Milk supplies liquid, while butter helps replace some richness.","2"
"46e2c4cc-1555-467d-97cb-0ec070ca4747","c5628c9a-5547-42ff-a75b-793329cbc517","A sauce calls for 2 tablespoons fresh oregano, but you only have dried oregano. What is the best first amount to try?","[""2 tablespoons dried oregano"",""1/2 cup dried oregano"",""About 2 teaspoons dried oregano"",""No oregano because dried herbs cannot substitute for fresh herbs""]","C","Dried herbs are often used at about one-third the fresh amount. Since 2 tablespoons equals 6 teaspoons, about 2 teaspoons is a reasonable starting point.","1"
"710e93b1-4a94-4694-aecf-381b99484b9d","c5628c9a-5547-42ff-a75b-793329cbc517","A recipe calls for two fresh garlic cloves, but you only have garlic powder. Which approach is safest for flavor balance?","[""Use the same volume of garlic powder as chopped garlic"",""Use a full tablespoon for each clove"",""Skip measuring because garlic powder is weak"",""Use a small measured amount of garlic powder because it is concentrated""]","D","Garlic powder is concentrated. A small measured amount is safer than matching the volume of fresh garlic.","2"
"b50cae09-09c5-4416-9c36-7cdd7eb5cd0d","0ebe8170-9c90-4283-b811-41563a817ae9","A roasted chicken recipe calls for rosemary, but you are out. Which substitute fits the savory, herbal direction best?","[""Thyme"",""Cinnamon"",""Vanilla extract"",""Cocoa powder""]","A","Thyme is savory and herbal, so it fits roasted chicken better than sweet baking spices.","1"
"11dba995-b9a1-4473-83be-4343553f50b9","0ebe8170-9c90-4283-b811-41563a817ae9","A recipe uses cumin for an earthy, warm flavor. Which substitute is most reasonable if cumin is missing?","[""Powdered sugar"",""Ground coriander with a small amount of chili powder"",""Dried mint candy"",""Vanilla pudding mix""]","B","Coriander and chili powder can move in a similar warm, savory direction, though the flavor will not be identical.","2"
"f1752dba-0125-4dd8-9dd2-c347ca82319e","ae342387-341d-473b-a87c-fc64bb6f8011","You are out of pumpkin pie spice but have several individual spices. Which combination best matches its usual flavor role?","[""Basil, oregano, thyme, and rosemary"",""Garlic powder, onion powder, and paprika"",""Cinnamon, ginger, nutmeg, and cloves"",""Salt, pepper, and vinegar""]","C","Pumpkin pie spice is a warm baking blend. Cinnamon, ginger, nutmeg, and cloves create a similar profile.","1"
"d43d0c43-cab7-4427-9d91-ac061ee33d11","ae342387-341d-473b-a87c-fc64bb6f8011","You are out of Italian seasoning for a tomato pasta sauce. Which blend is the best replacement?","[""Cinnamon, nutmeg, and cloves"",""Sugar, cocoa powder, and vanilla"",""Cayenne, sugar, and ginger"",""Dried basil, oregano, thyme, and rosemary""]","D","Italian seasoning is a savory herb blend, so dried basil, oregano, thyme, and rosemary are a better match.","2"
"a5054d38-a9a5-4284-8509-2432df931901","b141c6d7-0435-46ca-afef-f6b368c3c2a8","A vegan muffin recipe needs one egg mostly for binding, not for rise. Which substitute best matches that job?","[""Ground flaxseed mixed with water"",""Plain water only"",""Extra baking powder only"",""A full cup of oil""]","A","A flaxseed-and-water mixture forms a gel that can help bind muffins when the egg is mainly for structure.","1"
"2e7d43d7-0c3d-48bb-b41b-4e5ef0df1b21","b141c6d7-0435-46ca-afef-f6b368c3c2a8","A savory lentil loaf is falling apart and the recipe calls for bread crumbs as a binder. You are out. Which substitute is most useful?","[""Ice cubes"",""Rolled oats or crushed crackers"",""Lemon juice"",""Vegetable broth only""]","B","Rolled oats or crushed crackers can absorb moisture and help hold a savory loaf together.","2"
"e1bb89aa-8aa0-472f-a80a-d03c48a29167","9e41fc32-6eae-4061-95c9-7ac16a55f190","A fruit filling needs cornstarch, but you are out. Which substitute is most likely to thicken clearly without changing the flavor much?","[""Baking soda"",""Bread crumbs"",""Arrowroot starch"",""Table salt""]","C","Arrowroot starch can thicken fruit fillings and is often a close substitute for cornstarch.","1"
"0b74abc5-933e-4290-93f2-ef5f91cab40f","9e41fc32-6eae-4061-95c9-7ac16a55f190","A sauce calls for 1 tablespoon of cornstarch, but you only have flour. Which swap is most reasonable?","[""Use 1/8 teaspoon flour"",""Use 1 cup flour"",""Use no thickener because flour cannot thicken"",""Use about 2 tablespoons of flour""]","D","Flour has less thickening power than cornstarch, so using about twice as much flour is a common adjustment.","2"
"96b9edce-cf4c-4795-8bb6-56dfc42f9a17","1e90a097-8050-48cd-9ac3-a7afc80b5061","You need to thicken hot gravy with starch. Which method gives you the best chance of avoiding lumps?","[""Mix the starch with cold liquid first, then whisk it into the hot gravy"",""Sprinkle dry starch into the hottest spot without stirring"",""Add the starch after the gravy is already frozen"",""Mix starch with oil only and never stir""]","A","A cold slurry helps the starch disperse before it reaches the hot liquid, which lowers the chance of lumps.","1"
"74017241-124c-406f-a95e-80120b5acb84","1e90a097-8050-48cd-9ac3-a7afc80b5061","A pudding has small starch lumps after cooking. Which fix is most likely to improve it before chilling?","[""Add more dry starch directly to the hot pudding"",""Whisk well and strain the pudding through a fine mesh strainer"",""Stir in raw eggs without tempering"",""Freeze it with the lumps still inside""]","B","Whisking may smooth some lumps, and straining can remove pieces that do not dissolve.","2"
"9cda489e-fe6a-4390-a1de-c49664157183","2d0e9e30-51cf-4ede-8b1e-09ae469f0e9b","A chili recipe serves 6 and uses 3 cans of beans. You need to serve 10 people. What is the best way to scale the beans?","[""Use 3 cans because beans do not scale"",""Use 6 cans because 10 is close to double 6"",""Use 5 cans of beans"",""Use 1 can because the serving size changed""]","C","The scaling factor is 10/6, or 5/3. Three cans times 5/3 equals five cans.","1"
"10e8a95b-0ef2-43f0-bbe1-b806ac9c57b9","2d0e9e30-51cf-4ede-8b1e-09ae469f0e9b","A recipe makes 18 meatballs with 1 1/2 cups of breadcrumbs. How much is needed for 30 meatballs?","[""1 1/2 cups"",""3 cups"",""5 cups"",""2 1/2 cups""]","D","Thirty meatballs is 30/18, or 5/3, of the original. 1 1/2 cups times 5/3 equals 2 1/2 cups.","2"
"3ce83121-8e9f-4710-8905-d9e1530086c8","c3c5a498-dbe6-4a1e-9cb8-a63d1a3505e6","A sauce recipe makes 4 cups and uses 2/3 cup cream. You only need 3 cups of sauce. How much cream should you use?","[""1/2 cup"",""2/3 cup"",""3/4 cup"",""1 cup""]","A","Three cups is 3/4 of the original recipe. 2/3 cup times 3/4 equals 1/2 cup.","1"
"c6dc8cd3-e71f-4bad-a210-10f0c439aa38","c3c5a498-dbe6-4a1e-9cb8-a63d1a3505e6","A recipe makes 8 servings and uses 3/4 teaspoon pepper. You want 12 servings. How much pepper keeps the same ratio?","[""3/4 teaspoon"",""1 1/8 teaspoons"",""1/2 teaspoon"",""2 teaspoons""]","B","Twelve servings is 1.5 times the original. 3/4 teaspoon times 1.5 equals 1 1/8 teaspoons.","2"
"f3208532-7f8a-442a-a82f-269005ab14d4","fc941bc8-a581-4911-8c25-687b74666014","You double a soup recipe. Which adjustment is safest for salt?","[""Always quadruple the salt"",""Never add salt to a doubled recipe"",""Add less than the full doubled amount at first, taste, then adjust"",""Add all the doubled salt before tasting""]","C","Salt can become overpowering. Adding it in stages gives you control while still using the scaling math as a guide.","1"
"646d73ef-3559-4fb0-a797-fb90365a30d0","fc941bc8-a581-4911-8c25-687b74666014","You double a sheet-pan vegetable recipe but use the same pan. What is the most likely issue?","[""The oven will stop working"",""The vegetables will automatically cook twice as fast"",""The vegetables will not need oil"",""The vegetables may crowd and steam instead of brown""]","D","More food in the same pan can trap moisture and reduce browning. You may need another pan or a larger surface.","2"
"b75c7e80-99db-41c6-99c2-6d5b2749dc1f","3c3d216f-33f2-437e-a42e-123a6138f90f","A finished bean soup tastes flat, but it is already salty enough. Which adjustment is most likely to help?","[""Add a small splash of vinegar or lemon juice"",""Add another tablespoon of salt"",""Add dry flour"",""Boil until all liquid is gone""]","A","If salt is already sufficient, acid can add brightness and make the flavor feel more complete.","1"
"79acea74-452a-4c5c-a060-1c9b25ed22d7","3c3d216f-33f2-437e-a42e-123a6138f90f","A rice bowl tastes heavy and one-dimensional, but not bland. Which addition is most likely to add contrast without increasing saltiness?","[""More soy sauce"",""Fresh herbs and a squeeze of citrus"",""A large amount of baking soda"",""Plain cornstarch""]","B","Fresh herbs and citrus add aroma and brightness without relying on more salt.","2"
"072461ca-cd53-4ad9-8810-a85b96f9b96a","8a5488e7-ae9b-40a7-bd66-8aed7106b8a5","A tomato sauce tastes sharp and acidic. Which first adjustment is most reasonable?","[""Add a full cup of sugar"",""Add more vinegar"",""Add a small pinch of sugar and taste again"",""Add lemon juice until it tastes brighter""]","C","A small pinch of sugar can soften acidity. A large amount would make the sauce too sweet.","1"
"907e1d8c-2e62-478c-a8db-a6079a09156b","8a5488e7-ae9b-40a7-bd66-8aed7106b8a5","A glaze tastes too sweet. Which adjustment is most likely to rebalance it?","[""Add more sugar"",""Add powdered sugar and honey"",""Remove all liquid and keep cooking until burnt"",""Add a small amount of acid, such as vinegar or lemon juice""]","D","Acid can cut sweetness and make the flavor more balanced when used carefully.","2"
"44176046-890c-4957-ba50-5ca9b4afbaf8","8fe665e1-25cc-4f36-b114-f5958d525520","A curry is too spicy, but the flavor is otherwise good. Which fix keeps the dish closest to the original?","[""Add coconut milk and extra mild ingredients gradually"",""Add more chili flakes"",""Boil it until the heat disappears"",""Add dry flour directly to the curry""]","A","Creamy and mild ingredients can reduce the perceived heat while keeping the curry’s flavor direction.","1"
"7ecd7902-39c3-450d-83ce-474e3b86b3b5","8fe665e1-25cc-4f36-b114-f5958d525520","Garlic burned in oil and tastes bitter before the rest of the sauce is added. What is the best immediate response?","[""Add sugar until the bitterness disappears"",""Discard the burned garlic and oil, then restart that step"",""Add more raw garlic to cover it"",""Keep cooking because bitterness always fades""]","B","Burned garlic can make a dish bitter. It is often better to restart that step than build a sauce on a bitter base.","2"
"6c9ab78e-844f-4e06-a230-56970542741e","081a09e1-1ce7-4921-a147-0dca3292cbd8","A cream soup is thin, but the flavor is already strong. Which fix thickens it without adding much extra flavor?","[""Add a cup of vinegar"",""Add more salt"",""Whisk in a cornstarch slurry and simmer briefly"",""Add uncooked pasta and serve immediately""]","C","A slurry can thicken the soup without dramatically changing the flavor when used carefully.","1"
"d1c6b5d2-c9c3-4c6d-8c72-4552b52dd27e","081a09e1-1ce7-4921-a147-0dca3292cbd8","A dip is too thick after chilling. Which fix gives the most control?","[""Pour in a full cup of liquid immediately"",""Add dry flour"",""Freeze it harder"",""Stir in a small amount of milk or water at a time""]","D","Small additions give control and prevent the dip from becoming too runny.","2"
"485cdc9a-da65-4b9d-b5f9-84d71167844a","dcb71de7-b4ee-41e0-8999-9259479a3b22","A cheese sauce becomes grainy after high heat. What should you try first?","[""Remove it from high heat and whisk gently with a splash of warm liquid"",""Boil it harder"",""Add ice cubes"",""Add more dry cheese powder without stirring""]","A","Lower heat and gentle whisking may help a grainy sauce smooth out. More high heat can make the problem worse.","1"
"9770692c-15fb-4f49-adc9-5d36a87fc81b","dcb71de7-b4ee-41e0-8999-9259479a3b22","A custard is mostly smooth but has a few cooked egg bits. What is the best finishing step?","[""Add raw flour"",""Strain it through a fine mesh strainer"",""Blend in ice"",""Cook it on high until it boils hard""]","B","Straining removes small cooked bits and helps the custard feel smoother.","2"
"a6542a81-b452-47d2-8c0d-4d266cba8a56","7b74bed5-76e2-405b-b372-db6f8fbeb4ba","A casserole topping is soft near the end of cooking. What is the best way to improve it?","[""Cover it tightly to trap more steam"",""Pour water over the topping"",""Uncover it and use a little more dry oven heat, watching closely"",""Put it in the refrigerator immediately""]","C","Crisp toppings need moisture to escape. Uncovering and using dry heat can help, but it should be watched to prevent burning.","1"
"ef57b084-6034-4f48-b0c0-9d67972e9ebf","7b74bed5-76e2-405b-b372-db6f8fbeb4ba","Cookie dough is dry and crumbly after mixing. Which adjustment is safest?","[""Add a cup of water all at once"",""Add more dry flour"",""Bake it without changing anything"",""Add a teaspoon of liquid or softened fat at a time until it holds together""]","D","Small additions help restore moisture while avoiding dough that becomes too wet.","2"
"70718ed4-a1f8-40fb-a08c-2138385c80c4","6b2ac668-571d-49f5-84c7-befff39a24f8","You add sliced mushrooms to a barely warm pan and they release liquid instead of browning. What should you change next time?","[""Preheat the pan before adding the mushrooms"",""Use a colder pan"",""Add more water first"",""Cover the pan tightly the whole time""]","A","A preheated pan helps moisture evaporate faster and gives the mushrooms a better chance to brown.","1"
"c26ba4c1-0d9b-417d-bca0-3d6ac3650c2a","6b2ac668-571d-49f5-84c7-befff39a24f8","You want a browned crust on tofu slices. Which setup is most likely to help?","[""A cold pan full of water"",""A hot pan, a little appropriate oil, and dry tofu surfaces"",""A crowded pan with wet tofu"",""A microwave-safe bowl with no oil""]","B","Browning needs heat, surface contact, and less surface moisture.","2"
"4703bcb4-f977-4c5a-9983-54989dbb72ef","a021b83b-24b4-4c8f-a2dc-3647baad1368","A pan of chicken strips is crowded and pale after several minutes. What is the most likely cause?","[""The chicken was cut too evenly"",""The pan is too dry to cook food"",""The food is steaming because there is too much in the pan"",""The food has too much browned crust""]","C","Crowding traps moisture and can make food steam instead of brown.","1"
"f349ed5c-f913-4481-9608-ba3c954eb56d","a021b83b-24b4-4c8f-a2dc-3647baad1368","A fish fillet sticks when you try to flip it right away. What should you usually do?","[""Force it loose immediately"",""Add ice to the pan"",""Turn off the heat and leave it raw"",""Wait until the first side browns and releases more easily""]","D","Searing food often releases more easily after browning develops.","2"
"ab01bf02-7af3-46e9-bd4e-e1dda8713a1d","812ec27e-45e5-4a05-8541-f421973cc54f","After searing chicken, brown bits remain on the skillet. What does deglazing mean?","[""Adding liquid to loosen the browned bits and build flavor"",""Washing the pan with soap while still cooking"",""Adding dry flour to remove all flavor"",""Freezing the skillet before serving""]","A","Deglazing uses liquid to lift browned bits from the pan, often creating the base for a sauce.","1"
"3957ed92-4fcf-4c8e-a90a-572fe4f41004","812ec27e-45e5-4a05-8541-f421973cc54f","Oil catches fire in a skillet. What is the safest response?","[""Pour water on the oil fire"",""Turn off the heat if safe and cover the pan with a metal lid or baking sheet"",""Carry the flaming pan outside"",""Throw flour into the flames""]","B","Water can spread a grease fire. Covering the pan and cutting heat removes oxygen and heat when it can be done safely.","2"
"a3efa688-105b-4e8a-b39e-c4c1e352c1dc","73d763f3-bf29-46b4-981a-9845e243844b","A pot for pasta has only a few small bubbles and the pasta is clumping. What should you do before adding more pasta?","[""Lower the heat until there are no bubbles"",""Add ice to slow the cooking"",""Return the water to a full boil and stir after adding pasta"",""Cover the pasta with oil instead of water""]","C","Pasta cooks best in plenty of actively boiling water, and stirring helps prevent sticking.","1"
"d97273d9-8442-411e-bd20-34a877c5cbfe","73d763f3-bf29-46b4-981a-9845e243844b","You are cooking delicate fish in liquid and it keeps breaking apart. What is the likely problem?","[""The liquid is too gentle"",""The fish needed a full rolling boil"",""The fish should be stirred constantly"",""The liquid is bubbling too aggressively""]","D","Delicate foods can break apart in vigorous bubbles. Poaching uses gentler heat.","2"
"1f5ea09b-f4e2-43df-8af1-b48221e2b4a5","0d00bf80-1a4b-4914-b56b-f9b032b3995a","A stew is boiling hard and the vegetables are breaking apart. What adjustment makes the most sense?","[""Lower the heat to a gentle simmer"",""Raise the heat higher"",""Stir harder and faster"",""Add ice and serve immediately""]","A","A gentle simmer reduces rough movement and helps ingredients keep their texture.","1"
"abaae816-7477-4a87-904f-5057bad62007","0d00bf80-1a4b-4914-b56b-f9b032b3995a","You want to cook an egg gently in hot water without a shell. Which method fits best?","[""Roasting"",""Poaching"",""Pan-searing"",""Freezing""]","B","Poaching uses gentle hot liquid and is commonly used for eggs.","2"
"5aa152d3-0feb-437f-ad25-7683a04d5ddf","29d567ca-3628-40b7-9de2-9d491e3c3c54","A large pot of pasta is ready, but the pot is too heavy to pour safely. What is the safest option?","[""Pour quickly and hope the water misses you"",""Hold the colander with one hand in midair"",""Use tongs, a spider, or a slotted spoon to remove the pasta"",""Scoop boiling water with a glass cup""]","C","Removing pasta with a tool avoids lifting and pouring a heavy pot of boiling water.","1"
"3307b8cf-bd96-4671-9b8c-bf9aeec74829","29d567ca-3628-40b7-9de2-9d491e3c3c54","A starchy pot begins boiling over. What should you do first?","[""Add more heat"",""Clamp the lid tighter"",""Pour oil into the overflowing water"",""Lower the heat or carefully move the pot off the burner""]","D","Reducing heat helps calm the boil-over. Tight covering or more heat can make it worse.","2"
"0050e5ce-3cf5-438b-965a-3a2c9e38c69c","d38eb29b-9ace-4da5-94a9-c5fa1964ccd6","You want cauliflower pieces with browned edges and deeper flavor. Which method and setup fit best?","[""Roast them spread out on a sheet pan"",""Bake them piled in a deep covered bowl"",""Poach them in water"",""Microwave them in a sealed plastic bag""]","A","Roasting on a sheet pan gives the cauliflower dry heat and surface area for browning.","1"
"01819e04-d28b-465f-b556-3e42a0d02da1","d38eb29b-9ace-4da5-94a9-c5fa1964ccd6","Cookie dough spreads too much because it went into an oven that was still warming up. What likely happened?","[""The cookies roasted too quickly"",""The cookies started melting before the oven reached the intended baking temperature"",""The oven was too accurate"",""The cookie dough had too much browning space""]","B","Baking often depends on starting at the intended oven temperature so structure forms at the right time.","2"
"f1a1f899-a9a8-488b-818b-927dbf84bf77","9dce1db2-1ce9-428a-88c2-2d24bac19af7","Roasted vegetables are soft but not browned. Which change is most likely to help next time?","[""Pile them deeper in the same pan"",""Cover the pan tightly with foil the whole time"",""Use a larger sheet pan or cook in batches"",""Add water to the pan""]","C","More space lets moisture escape and helps vegetables brown instead of steam.","1"
"70ddd4bd-cb52-4d93-8f11-8296d0927366","9dce1db2-1ce9-428a-88c2-2d24bac19af7","Halfway through roasting potatoes, the bottoms are browned but the tops are pale. What should you do?","[""Add cold water"",""Turn off the oven"",""Cover them with a wet towel"",""Turn or stir them so more sides contact the hot pan""]","D","Turning exposes more sides to heat and helps browning happen more evenly.","2"
"3643bfa9-bac3-4039-81b3-21a097c051d1","bb9fe604-ca36-49e5-bd10-8f59eb47a382","A cake looks browned outside but jiggles in the center. What is the best interpretation?","[""The center may not be set yet"",""It is definitely overbaked"",""It no longer needs heat"",""It should be frozen immediately""]","A","Browning outside does not always mean the center is set. Cakes need internal structure before removal.","1"
"f402771c-0826-4e18-a7dd-108b6c34a71e","bb9fe604-ca36-49e5-bd10-8f59eb47a382","A roasted whole chicken is browned on the outside. What is the most reliable way to know it is safely cooked?","[""Guess based on the skin color only"",""Check the internal temperature with a food thermometer"",""Press the outside with a spoon"",""Assume browning always means safe""]","B","A thermometer is more reliable than color alone for checking doneness in poultry.","2"
"4c7db4f5-29e8-46fc-ae51-e4b9d75c88a0","74512680-b73d-4499-a637-2974f159a4a4","You need to slice a round potato, but it keeps rolling. What should you do first?","[""Hold it in the air while slicing"",""Push harder with the knife"",""Cut a flat side so the potato sits steadily"",""Oil the potato so it moves freely""]","C","A flat side keeps round food more stable and reduces the chance of the knife slipping.","1"
"7ae03353-f381-49a7-a9e0-21f1a3871aeb","74512680-b73d-4499-a637-2974f159a4a4","Your cutting board slides while chopping. What is the safest fix?","[""Hold the board down with the knife hand"",""Cut faster so it has less time to move"",""Put loose paper underneath it"",""Place a damp towel or non-slip mat underneath it""]","D","A damp towel or non-slip mat grips the counter and helps stabilize the cutting board.","2"
"8f7627ed-4650-4989-ae2c-68a48071f54c","6313c865-a924-48c3-a493-3e854c85dbb3","You finish chopping and need to move the knife to another counter. What is the safest carry method?","[""Hold it at your side with the blade pointed down and away from others"",""Carry it point-first at chest height"",""Hide it under a towel while walking"",""Toss it gently onto the next counter""]","A","Keeping the blade down and away reduces the chance of cutting yourself or someone nearby.","1"
"fedbbb0d-9fe6-4e53-bef1-2c70fba24f90","6313c865-a924-48c3-a493-3e854c85dbb3","A sharp knife slips off the counter. What should you do?","[""Catch it by the handle if possible"",""Step back and let it fall"",""Catch it by the blade"",""Kick it back onto the counter""]","B","Trying to catch a falling knife is dangerous. Step back and let it fall.","2"
"c2776701-6d17-4e09-836d-eac737c781e9","9141e588-df40-4eb4-afeb-76037aabcc5d","You cut raw chicken and then need to chop lettuce. What should happen before using the board again?","[""Wipe it quickly with a dry towel only"",""Use the same board because lettuce is cold"",""Wash and sanitize the board, or use a separate clean board"",""Flip the board without cleaning it""]","C","Raw chicken can contaminate surfaces. The board should be cleaned and sanitized or replaced with a clean board before cutting ready-to-eat foods.","1"
"459a76dc-7e7e-41d2-9fd4-cc44de389765","9141e588-df40-4eb4-afeb-76037aabcc5d","Why is leaving a sharp knife hidden in a sink full of soapy water unsafe?","[""The knife becomes too clean"",""The knife cannot cut in water"",""The soap makes the blade disappear permanently"",""Someone may reach in without seeing the blade""]","D","A hidden blade can cut someone reaching into the sink. Wash sharp knives separately and keep them visible.","2"
"6476fe90-1f0f-4e6a-9055-b8051c85781d","a924535a-35d0-43ca-a4f1-59d1cd27d419","You want a browned crust on steak, but your thin pan cools down quickly. Which pan would be a better match?","[""Cast iron or heavy stainless steel skillet"",""Plastic mixing bowl"",""Thin disposable tray"",""Small glass cup""]","A","Cast iron and heavy stainless steel hold heat better, which helps develop browning.","1"
"20b338d0-b4a5-458a-a23a-3efa4f58614d","a924535a-35d0-43ca-a4f1-59d1cd27d419","You are stir-frying vegetables and they pile up in a small pan. What tool would better match the method?","[""A coffee mug"",""A wok or large skillet"",""A narrow saucepan filled to the top"",""A plastic storage container""]","B","Stir-frying needs high heat and space so food cooks quickly instead of steaming in a pile.","2"
"4ba99533-69c7-48de-acdb-171f8cd080e5","225bd935-0aff-4e9b-bc15-0fb42dff6060","You are simmering tomato sauce for an hour. Which cookware is the best match?","[""Uncoated reactive aluminum"",""A plastic bowl on the stove"",""Stainless steel or enameled cookware"",""A cardboard container""]","C","Tomato sauce is acidic, so nonreactive cookware such as stainless steel or enameled cookware is a better choice.","1"
"ae3c14ee-abf5-4aa7-a89a-ce6994da2118","225bd935-0aff-4e9b-bc15-0fb42dff6060","You are cooking delicate scrambled eggs and want minimal sticking. Which pan is the best beginner choice?","[""Unlined stockpot"",""Baking sheet"",""Metal colander"",""Nonstick skillet""]","D","A nonstick skillet helps delicate eggs release more easily while cooking.","2"
"c65b9ace-e0ac-47a2-ad71-0bb8028f2f63","ab854a5e-b270-451f-9ae1-e5afef85e5e0","Why should cookware used on a glass stovetop have a flat bottom?","[""It improves contact, stability, and heat transfer"",""It makes food cook without heat"",""It prevents the pan from needing washing"",""It turns the stovetop into an oven""]","A","Flat-bottom cookware sits securely and transfers heat more evenly on a glass stovetop.","1"
"b827c52f-dd5f-4ae6-8ea9-339d16d62690","ab854a5e-b270-451f-9ae1-e5afef85e5e0","You want to brown food under the oven broiler. Which choice is safest?","[""Plastic storage container"",""Broiler-safe metal cookware or cast iron"",""Regular drinking glass"",""Paper plate""]","B","Broilers use intense direct heat, so cookware must be safe for broiler use.","2"
"51ecbc07-f33c-47d6-becd-78abe1061bea","cb006ba1-b218-475b-ab13-e3ce64ff3fd8","You need to roll dough evenly but do not own a rolling pin. Which substitute best copies the tool’s function?","[""A fork with sharp tines"",""A damp towel"",""A clean smooth bottle or sturdy cup"",""A flexible plastic bag full of air""]","C","A smooth bottle or sturdy cup has a rolling shape similar to a rolling pin.","1"
"fe75462d-f1c2-4b62-8f1c-1998967036fa","cb006ba1-b218-475b-ab13-e3ce64ff3fd8","You need to flatten chicken breasts without a meat mallet. Which workaround is safest?","[""Use a sharp knife blade to pound the chicken"",""Use a glass cup that may shatter"",""Use your bare fist on uncovered raw chicken"",""Use the flat bottom of a heavy skillet or rolling pin over wrapped chicken""]","D","A heavy flat tool can apply pressure evenly, and wrapping the chicken helps contain mess and contamination.","2"
"c072263a-ae23-449b-be7b-b97d65b252cc","806750d9-e3ed-4d4d-9aff-71f202c33c7b","You need finely prepared garlic but do not own a garlic press. What should you do?","[""Mince the garlic finely with a knife"",""Leave the cloves whole and raw in the finished dish"",""Replace the garlic with flour"",""Crush it with a dirty sponge""]","A","A knife can mince garlic finely, even though it may take longer than a press.","1"
"5a3da854-2ac2-46fb-a8a2-698352cdec40","806750d9-e3ed-4d4d-9aff-71f202c33c7b","You need to spread a thin layer of oil but have no pastry brush. Which workaround is most reasonable?","[""Use raw chicken as a brush"",""Use a clean spoon or clean fingers to spread it lightly"",""Use a dirty towel"",""Pour the whole bottle on the food""]","B","A clean spoon or clean fingers can spread a small amount of oil safely when a brush is unavailable.","2"
"16939747-5b17-48c5-bb2c-b7a8aef6b70e","75e1c6da-0b25-492f-9249-fb4306970300","You need to melt chocolate gently without a double boiler. Which setup is best?","[""A plastic bowl directly on a burner"",""Chocolate in a dry pan over high heat"",""A heat-safe bowl set over a pot of gently simmering water, with the bowl above the water"",""A paper plate over boiling water""]","C","A heat-safe bowl over simmering water creates gentle indirect heat, which helps prevent scorching.","1"
"5882d56d-c881-49e3-996e-4159f01d36d2","75e1c6da-0b25-492f-9249-fb4306970300","You need to drain pasta but do not have a colander, and the pot is heavy. What is the safest workaround?","[""Pour boiling water through your fingers"",""Balance the lid loosely and pour quickly"",""Use a paper towel as a strainer"",""Lift the pasta out with tongs, a spider, or a slotted spoon""]","D","Removing pasta with a tool avoids pouring a heavy pot of boiling water without proper equipment.","2"
